{"cameraMode":{"drawMode":0,"name":"Shaded","section":"Shading Mode"},"sceneLighting":false,"audioPlay":false,"sceneViewState":{"m_AlwaysRefresh":false,"showFog":true,"showSkybox":false,"showFlares":true,"showImageEffects":true,"showParticleSystems":true,"showVisualEffectGraphs":true,"m_FxEnabled":true},"in2DMode":false,"pivot":{"x":-0.8800513744354248,"y":1.519477367401123,"z":-0.0014458149671554566},"rotation":{"x":0.06132693961262703,"y":0.9366911053657532,"z":-0.21025881171226502,"w":0.27320897579193118},"size":1.7683030366897584,"orthographic":false}