{"cameraMode":{"drawMode":0,"name":"Shaded","section":"Shading Mode"},"sceneLighting":false,"audioPlay":false,"sceneViewState":{"m_AlwaysRefresh":false,"showFog":true,"showSkybox":false,"showFlares":true,"showImageEffects":true,"showParticleSystems":true,"showVisualEffectGraphs":true,"m_FxEnabled":true},"in2DMode":false,"pivot":{"x":0.04803323745727539,"y":0.9532521963119507,"z":2.0964677333831789},"rotation":{"x":0.1534668207168579,"y":0.8436138033866882,"z":-0.40005621314048769,"w":0.32362228631973269},"size":4.859248638153076,"orthographic":false}