{"cameraMode":{"drawMode":0,"name":"Shaded","section":"Shading Mode"},"sceneLighting":false,"audioPlay":false,"sceneViewState":{"m_AlwaysRefresh":false,"showFog":true,"showSkybox":false,"showFlares":true,"showImageEffects":true,"showParticleSystems":true,"showVisualEffectGraphs":true,"m_FxEnabled":true},"in2DMode":false,"pivot":{"x":3.3306169509887697,"y":1.9975152015686036,"z":1.154890775680542},"rotation":{"x":-0.06907013803720474,"y":0.8654525279998779,"z":-0.12444228678941727,"w":-0.48035451769828799},"size":4.162538528442383,"orthographic":false}