{"cameraMode":{"drawMode":0,"name":"Shaded","section":"Shading Mode"},"sceneLighting":false,"audioPlay":false,"sceneViewState":{"m_AlwaysRefresh":false,"showFog":true,"showSkybox":false,"showFlares":true,"showImageEffects":true,"showParticleSystems":true,"showVisualEffectGraphs":true,"m_FxEnabled":true},"in2DMode":false,"pivot":{"x":444.38726806640627,"y":16.898019790649415,"z":373.22589111328127},"rotation":{"x":0.28922325372695925,"y":0.6440105438232422,"z":-0.28783750534057619,"w":0.6471144556999207},"size":7.522844314575195,"orthographic":false}