{"cameraMode":{"drawMode":0,"name":"Shaded","section":"Shading Mode"},"sceneLighting":false,"audioPlay":false,"sceneViewState":{"m_AlwaysRefresh":false,"showFog":true,"showSkybox":false,"showFlares":true,"showImageEffects":true,"showParticleSystems":true,"showVisualEffectGraphs":true,"m_FxEnabled":true},"in2DMode":false,"pivot":{"x":-3.220513343811035,"y":1.7948250770568848,"z":0.0462440550327301},"rotation":{"x":0.1534668207168579,"y":0.8436138033866882,"z":-0.40005621314048769,"w":0.32362228631973269},"size":3.7156081199645998,"orthographic":false}