{"cameraMode":{"drawMode":0,"name":"Shaded","section":"Shading Mode"},"sceneLighting":false,"audioPlay":false,"sceneViewState":{"m_AlwaysRefresh":false,"showFog":true,"showSkybox":false,"showFlares":true,"showImageEffects":true,"showParticleSystems":true,"showVisualEffectGraphs":true,"m_FxEnabled":true},"in2DMode":false,"pivot":{"x":5.629055976867676,"y":-1.1242733001708985,"z":-0.9175815582275391},"rotation":{"x":0.00011605499457800761,"y":0.9440041184425354,"z":-0.33001503348350527,"w":0.00028206282877363265},"size":4.4748969078063969,"orthographic":false}