{"cameraMode":{"drawMode":0,"name":"Shaded","section":"Shading Mode"},"sceneLighting":false,"audioPlay":false,"sceneViewState":{"m_AlwaysRefresh":false,"showFog":true,"showSkybox":false,"showFlares":true,"showImageEffects":true,"showParticleSystems":true,"showVisualEffectGraphs":true,"m_FxEnabled":true},"in2DMode":false,"pivot":{"x":421.3301086425781,"y":19.720245361328126,"z":440.7494201660156},"rotation":{"x":0.06132693961262703,"y":0.9366911053657532,"z":-0.21025881171226502,"w":0.27320897579193118},"size":1.5036132335662842,"orthographic":false}