{"cameraMode":{"drawMode":0,"name":"Shaded","section":"Shading Mode"},"sceneLighting":false,"audioPlay":false,"sceneViewState":{"m_AlwaysRefresh":false,"showFog":true,"showSkybox":false,"showFlares":true,"showImageEffects":true,"showParticleSystems":true,"showVisualEffectGraphs":true,"m_FxEnabled":true},"in2DMode":false,"pivot":{"x":-15.565374374389649,"y":5.082759857177734,"z":35.394866943359378},"rotation":{"x":0.06132693961262703,"y":0.9366911053657532,"z":-0.21025881171226502,"w":0.27320897579193118},"size":7.910719871520996,"orthographic":false}