{"cameraMode":{"drawMode":0,"name":"Shaded","section":"Shading Mode"},"sceneLighting":false,"audioPlay":false,"sceneViewState":{"m_AlwaysRefresh":false,"showFog":true,"showSkybox":false,"showFlares":true,"showImageEffects":true,"showParticleSystems":true,"showVisualEffectGraphs":true,"m_FxEnabled":true},"in2DMode":false,"pivot":{"x":89.02410125732422,"y":-4.4214019775390629,"z":-32.632484436035159},"rotation":{"x":0.050843946635723117,"y":0.9483966827392578,"z":-0.20096366107463838,"w":0.23994535207748414},"size":11.648977279663086,"orthographic":false}