{"cameraMode":{"drawMode":0,"name":"Shaded","section":"Shading Mode"},"sceneLighting":false,"audioPlay":false,"sceneViewState":{"m_AlwaysRefresh":false,"showFog":true,"showSkybox":false,"showFlares":true,"showImageEffects":true,"showParticleSystems":true,"showVisualEffectGraphs":true,"m_FxEnabled":true},"in2DMode":false,"pivot":{"x":-3.9205522537231447,"y":1.8830384016036988,"z":17.349227905273439},"rotation":{"x":0.0032991652842611076,"y":-0.07792576402425766,"z":0.0002588442002888769,"w":0.9969608187675476},"size":12.314631462097168,"orthographic":false}