{"cameraMode":{"drawMode":0,"name":"Shaded","section":"Shading Mode"},"sceneLighting":false,"audioPlay":false,"sceneViewState":{"m_AlwaysRefresh":false,"showFog":true,"showSkybox":false,"showFlares":true,"showImageEffects":true,"showParticleSystems":true,"showVisualEffectGraphs":true,"m_FxEnabled":true},"in2DMode":false,"pivot":{"x":600.724365234375,"y":19.570423126220704,"z":324.4383239746094},"rotation":{"x":-0.01133529469370842,"y":0.9554178714752197,"z":-0.29273077845573428,"w":-0.036991145461797717},"size":3.9547178745269777,"orthographic":false}