{"cameraMode":{"drawMode":0,"name":"Shaded","section":"Shading Mode"},"sceneLighting":false,"audioPlay":false,"sceneViewState":{"m_AlwaysRefresh":false,"showFog":true,"showSkybox":false,"showFlares":true,"showImageEffects":true,"showParticleSystems":true,"showVisualEffectGraphs":true,"m_FxEnabled":true},"in2DMode":false,"pivot":{"x":418.8083190917969,"y":17.330793380737306,"z":476.4463195800781},"rotation":{"x":0.050843946635723117,"y":0.9483966827392578,"z":-0.20096366107463838,"w":0.23994535207748414},"size":1.2598495483398438,"orthographic":false}