{"cameraMode":{"drawMode":0,"name":"Shaded","section":"Shading Mode"},"sceneLighting":false,"audioPlay":false,"sceneViewState":{"m_AlwaysRefresh":false,"showFog":true,"showSkybox":false,"showFlares":true,"showImageEffects":true,"showParticleSystems":true,"showVisualEffectGraphs":true,"m_FxEnabled":true},"in2DMode":false,"pivot":{"x":50.040000915527347,"y":13.414999961853028,"z":76.16999816894531},"rotation":{"x":0.06132693961262703,"y":0.9366911053657532,"z":-0.21025881171226502,"w":0.27320897579193118},"size":2.123920202255249,"orthographic":false}